month;bridgeId;bridgeName;totalUSD;SA_Tier
2022-10;1;Polygon PoS Bridge;505979975,9;SA22
2022-10;2;Arbitrum Bridge;196270603,1;SA33
2022-10;4;Optimism Gateway;183324834,5;SA33
2022-10;3;Avalanche Bridge;151572476,2;SA12
2022-10;11;Synapse;71024935,54;SA22
2022-10;10;Celer cBridge;70025425,78;SA22
2022-10;13;Hop;44143922,91;SA33
2022-11;12;Stargate;1082538949;SA22
2022-11;1;Polygon PoS Bridge;682334200,8;SA22
2022-11;10;Celer cBridge;651663525,9;SA22
2022-11;2;Arbitrum Bridge;561146661,5;SA33
2022-11;4;Optimism Gateway;476329809,6;SA33
2022-11;11;Synapse;412902341,7;SA22
2022-11;19;Across;396918923;SA33
2022-11;3;Avalanche Bridge;363565255,1;SA12
2022-11;13;Hop;245679191;SA33
2022-11;18;Rainbow Bridge;84151170,73;SA31
2022-11;16;Gnosis Bridge;68905509,93;SA22
2022-11;17;Axelar;2110014,585;SA21
2022-11;22;Allbridge Classic;684033,9922;SA22
2022-12;10;Celer cBridge;1150310401;SA22
2022-12;12;Stargate;785588172,3;SA22
2022-12;2;Arbitrum Bridge;605824642,1;SA33
2022-12;1;Polygon PoS Bridge;489157514,5;SA22
2022-12;11;Synapse;279163089,8;SA22
2022-12;4;Optimism Gateway;237238456,5;SA33
2022-12;19;Across;180727185,7;SA33
2022-12;13;Hop;178485671,2;SA33
2022-12;3;Avalanche Bridge;155352260,9;SA12
2022-12;18;Rainbow Bridge;51485610,56;SA31
2022-12;16;Gnosis Bridge;26319072,12;SA22
2022-12;22;Allbridge Classic;4093228,991;SA22
2023-01;10;Celer cBridge;662516390,3;SA22
2023-01;1;Polygon PoS Bridge;389520664;SA22
2023-01;2;Arbitrum Bridge;373607632,8;SA33
2023-01;12;Stargate;319883391,8;SA22
2023-01;11;Synapse;267212971,1;SA22
2023-01;4;Optimism Gateway;202569209,3;SA33
2023-01;3;Avalanche Bridge;173504186,3;SA12
2023-01;13;Hop;118697239,5;SA33
2023-01;19;Across;96033271,26;SA33
2023-01;18;Rainbow Bridge;19189639,42;SA31
2023-01;16;Gnosis Bridge;14405852,54;SA22
2023-01;22;Allbridge Classic;4193476,442;SA22
2023-02;2;Arbitrum Bridge;1343069487;SA33
2023-02;10;Celer cBridge;857422796,8;SA22
2023-02;12;Stargate;664297296,1;SA22
2023-02;1;Polygon PoS Bridge;607325125,8;SA22
2023-02;11;Synapse;604232132;SA22
2023-02;4;Optimism Gateway;401470814,7;SA33
2023-02;3;Avalanche Bridge;298454091,7;SA12
2023-02;13;Hop;263549611,5;SA33
2023-02;19;Across;206397664;SA33
2023-02;16;Gnosis Bridge;28370598,76;SA22
2023-02;18;Rainbow Bridge;17726079,56;SA31
2023-02;22;Allbridge Classic;3917409,363;SA22
2023-03;2;Arbitrum Bridge;1711552967;SA33
2023-03;12;Stargate;1709064312;SA22
2023-03;10;Celer cBridge;1041095778;SA22
2023-03;1;Polygon PoS Bridge;856316998,5;SA22
2023-03;11;Synapse;799534953,5;SA22
2023-03;3;Avalanche Bridge;665321629,3;SA12
2023-03;13;Hop;463811388,6;SA33
2023-03;19;Across;331381485,6;SA33
2023-03;4;Optimism Gateway;273024570,3;SA33
2023-03;16;Gnosis Bridge;74445981,1;SA22
2023-03;18;Rainbow Bridge;68636118,26;SA31
2023-03;22;Allbridge Classic;7801374,031;SA22
2023-03;23;Polygon zkEVM Bridge;2345583,418;SA32
2023-04;12;Stargate;4487077088;SA22
2023-04;2;Arbitrum Bridge;1131782930;SA33
2023-04;1;Polygon PoS Bridge;764206626,1;SA22
2023-04;10;Celer cBridge;758125809;SA22
2023-04;11;Synapse;431671272,7;SA22
2023-04;13;Hop;352431021,3;SA33
2023-04;4;Optimism Gateway;228599865,6;SA33
2023-04;19;Across;226718870,8;SA33
2023-04;3;Avalanche Bridge;157000073,4;SA12
2023-04;16;Gnosis Bridge;61938920,45;SA22
2023-04;23;Polygon zkEVM Bridge;14021374,45;SA32
2023-04;18;Rainbow Bridge;13151690,24;SA31
2023-04;22;Allbridge Classic;312722,9844;SA22
2023-05;12;Stargate;5209762882;SA22
2023-05;1;Polygon PoS Bridge;4187369930;SA22
2023-05;2;Arbitrum Bridge;1228747712;SA33
2023-05;10;Celer cBridge;617228859,7;SA22
2023-05;11;Synapse;298824200,5;SA22
2023-05;13;Hop;259850981,3;SA33
2023-05;16;Gnosis Bridge;201679410,4;SA22
2023-05;4;Optimism Gateway;194625036,8;SA33
2023-05;3;Avalanche Bridge;76948905,83;SA12
2023-05;23;Polygon zkEVM Bridge;24819285,09;SA32
2023-05;19;Across;14350100,79;SA33
2023-05;18;Rainbow Bridge;7858944,476;SA31
2023-05;22;Allbridge Classic;17627,28142;SA22
2023-06;12;Stargate;3899320056;SA22
2023-06;2;Arbitrum Bridge;1048543207;SA33
2023-06;1;Polygon PoS Bridge;899816734,1;SA22
2023-06;26;ZKsync Era Bridge;483851408,1;SA32
2023-06;19;Across;261373312,6;SA33
2023-06;4;Optimism Gateway;250454293,1;SA33
2023-06;10;Celer cBridge;228419273,8;SA22
2023-06;11;Synapse;175182901,4;SA22
2023-06;13;Hop;162089743,2;SA33
2023-06;3;Avalanche Bridge;131703346;SA12
2023-06;16;Gnosis Bridge;95278149,08;SA22
2023-06;27;Symbiosis;84869333,53;SA11
2023-06;23;Polygon zkEVM Bridge;61621697,03;SA32
2023-06;18;Rainbow Bridge;16602007,31;SA31
2023-06;22;Allbridge Classic;1135001,36;SA22
2023-07;12;Stargate;5184612075;SA22
2023-07;26;ZKsync Era Bridge;1355266940;SA32
2023-07;2;Arbitrum Bridge;982687298,5;SA33
2023-07;1;Polygon PoS Bridge;671138239,8;SA22
2023-07;19;Across;359796579,3;SA33
2023-07;4;Optimism Gateway;268482314;SA33
2023-07;11;Synapse;195285244;SA22
2023-07;10;Celer cBridge;186653495,4;SA22
2023-07;13;Hop;157445914,9;SA33
2023-07;3;Avalanche Bridge;114951548,8;SA12
2023-07;27;Symbiosis;94223742,79;SA11
2023-07;16;Gnosis Bridge;86072441,74;SA22
2023-07;30;Mantle Bridge;71548635,32;SA33
2023-07;28;Meson;63744985,5;SA11
2023-07;23;Polygon zkEVM Bridge;47774806,63;SA32
2023-07;18;Rainbow Bridge;9637434,739;SA31
2023-07;22;Allbridge Classic;1396054,403;SA22
2023-08;12;Stargate;4313111809;SA22
2023-08;2;Arbitrum Bridge;1144043222;SA33
2023-08;26;ZKsync Era Bridge;1044237762;SA32
2023-08;1;Polygon PoS Bridge;750563395,3;SA22
2023-08;19;Across;514486225,5;SA33
2023-08;4;Optimism Gateway;391747501,4;SA33
2023-08;11;Synapse;251568667,9;SA22
2023-08;13;Hop;186078766,5;SA33
2023-08;28;Meson;159328082,9;SA11
2023-08;3;Avalanche Bridge;122333999,1;SA12
2023-08;27;Symbiosis;80999381,69;SA11
2023-08;10;Celer cBridge;79112314,22;SA22
2023-08;16;Gnosis Bridge;65514669,55;SA22
2023-08;23;Polygon zkEVM Bridge;31947076,61;SA32
2023-08;30;Mantle Bridge;25564570,77;SA33
2023-08;18;Rainbow Bridge;21568573,84;SA31
2023-08;22;Allbridge Classic;1122257,939;SA22
2023-09;12;Stargate;2494906940;SA22
2023-09;26;ZKsync Era Bridge;1289996357;SA32
2023-09;2;Arbitrum Bridge;930757022,7;SA33
2023-09;19;Across;611569145,1;SA33
2023-09;1;Polygon PoS Bridge;356702550;SA22
2023-09;4;Optimism Gateway;300240482,6;SA33
2023-09;32;Squid (Powered by Axelar);195185360,1;SA21
2023-09;28;Meson;188868752,5;SA11
2023-09;13;Hop;108727537,6;SA33
2023-09;11;Synapse;94639949,05;SA22
2023-09;16;Gnosis Bridge;82590776,78;SA22
2023-09;27;Symbiosis;75462842,4;SA11
2023-09;34;Satellite (Powered by Axelar);38162492,02;SA21
2023-09;3;Avalanche Bridge;33926419,43;SA12
2023-09;23;Polygon zkEVM Bridge;31048204,77;SA32
2023-09;39;rhino.fi;15099983,49;SA11
2023-09;10;Celer cBridge;13455805,95;SA22
2023-09;18;Rainbow Bridge;11460828;SA31
2023-09;30;Mantle Bridge;4098653,212;SA33
2023-09;37;Manta Pacific Bridge;2244230,282;SA33
2023-09;22;Allbridge Classic;749764,9925;SA22
2023-09;35;CrossCurve;13058,04332;SA22
2023-10;12;Stargate;1645527796;SA22
2023-10;26;ZKsync Era Bridge;1106981756;SA32
2023-10;2;Arbitrum Bridge;977179493,2;SA33
2023-10;19;Across;721289640,2;SA33
2023-10;1;Polygon PoS Bridge;587257008,5;SA22
2023-10;16;Gnosis Bridge;252299799,3;SA22
2023-10;28;Meson;250229756,1;SA11
2023-10;4;Optimism Gateway;246541326,8;SA33
2023-10;32;Squid (Powered by Axelar);147854926,2;SA21
2023-10;11;Synapse;125073952,4;SA22
2023-10;13;Hop;104606451,5;SA33
2023-10;39;rhino.fi;65858797,4;SA11
2023-10;34;Satellite (Powered by Axelar);62428328,64;SA21
2023-10;3;Avalanche Bridge;58353858,08;SA12
2023-10;27;Symbiosis;47826303,71;SA11
2023-10;30;Mantle Bridge;47105111,39;SA33
2023-10;23;Polygon zkEVM Bridge;42387841,36;SA32
2023-10;10;Celer cBridge;26090768,89;SA22
2023-10;18;Rainbow Bridge;23645137,38;SA31
2023-10;37;Manta Pacific Bridge;17622587,7;SA33
2023-10;22;Allbridge Classic;1076724,347;SA22
2023-10;35;CrossCurve;21481,29323;SA22
2023-10;42;pNetwork;17541,20031;SA22
2023-11;2;Arbitrum Bridge;1552313197;SA33
2023-11;12;Stargate;1339056520;SA22
2023-11;26;ZKsync Era Bridge;1012370119;SA32
2023-11;19;Across;889003247,6;SA33
2023-11;1;Polygon PoS Bridge;619843647,3;SA22
2023-11;4;Optimism Gateway;358788096,3;SA33
2023-11;39;rhino.fi;287982549,6;SA11
2023-11;32;Squid (Powered by Axelar);199430922,6;SA21
2023-11;11;Synapse;189716690,2;SA22
2023-11;16;Gnosis Bridge;178487510;SA22
2023-11;13;Hop;160401543,5;SA33
2023-11;28;Meson;157808721,5;SA11
2023-11;3;Avalanche Bridge;117700982,6;SA12
2023-11;23;Polygon zkEVM Bridge;51014178,8;SA32
2023-11;30;Mantle Bridge;48458015,61;SA33
2023-11;27;Symbiosis;47310220,65;SA11
2023-11;10;Celer cBridge;38943247,89;SA22
2023-11;37;Manta Pacific Bridge;27260409,42;SA33
2023-11;18;Rainbow Bridge;10872341,11;SA31
2023-11;20;deBridge;8606221,783;SA22
2023-11;34;Satellite (Powered by Axelar);4477775,178;SA21
2023-11;22;Allbridge Classic;3039737,53;SA22
2023-11;35;CrossCurve;994979,825;SA22
2023-11;42;pNetwork;499398,5863;SA22
2023-12;12;Stargate;1561099153;SA22
2023-12;26;ZKsync Era Bridge;1220379394;SA32
2023-12;19;Across;1208916524;SA33
2023-12;2;Arbitrum Bridge;1196217953;SA33
2023-12;1;Polygon PoS Bridge;626588946,7;SA22
2023-12;4;Optimism Gateway;468521073,3;SA33
2023-12;11;Synapse;294228570,2;SA22
2023-12;39;rhino.fi;288120367,3;SA11
2023-12;10;Celer cBridge;275121789,7;SA22
2023-12;32;Squid (Powered by Axelar);271870579,1;SA21
2023-12;13;Hop;236794869,4;SA33
2023-12;37;Manta Pacific Bridge;174502720,9;SA33
2023-12;28;Meson;147374811;SA11
2023-12;20;deBridge;135500578,4;SA22
2023-12;3;Avalanche Bridge;126420913,7;SA12
2023-12;16;Gnosis Bridge;85927868,23;SA22
2023-12;30;Mantle Bridge;81920431,93;SA33
2023-12;27;Symbiosis;45755915,32;SA11
2023-12;44;Interport Finance;29038289,04;SA11
2023-12;23;Polygon zkEVM Bridge;23200928,37;SA32
2023-12;18;Rainbow Bridge;20677192,18;SA31
2023-12;35;CrossCurve;9210319,858;SA22
2023-12;22;Allbridge Classic;6129784,215;SA22
2023-12;42;pNetwork;873939,8177;SA22
2023-12;34;Satellite (Powered by Axelar);387315,4814;SA21
2024-01;12;Stargate;1737254782;SA22
2024-01;2;Arbitrum Bridge;1403022017;SA33
2024-01;26;ZKsync Era Bridge;1362988319;SA32
2024-01;19;Across;1087623311;SA33
2024-01;1;Polygon PoS Bridge;628958392,3;SA22
2024-01;51;Circle CCTP;565026971,9;SA11
2024-01;10;Celer cBridge;345519071,7;SA22
2024-01;4;Optimism Gateway;335024521,5;SA33
2024-01;11;Synapse;324839949,7;SA22
2024-01;39;rhino.fi;316528010,7;SA11
2024-01;32;Squid (Powered by Axelar);240362387,1;SA21
2024-01;37;Manta Pacific Bridge;232131484,9;SA33
2024-01;28;Meson;209887343,1;SA11
2024-01;13;Hop;174178505,1;SA33
2024-01;3;Avalanche Bridge;169464253,6;SA12
2024-01;20;deBridge;103814686,3;SA22
2024-01;30;Mantle Bridge;97901978,34;SA33
2024-01;16;Gnosis Bridge;81279273,4;SA22
2024-01;23;Polygon zkEVM Bridge;74535525,94;SA32
2024-01;27;Symbiosis;50210312,93;SA11
2024-01;44;Interport Finance;42415119,75;SA11
2024-01;35;CrossCurve;38937084,98;SA22
2024-01;48;Rootstock Powpeg Bridge;19280287,18;SA22
2024-01;46;yBridge by xSync Network;11248387,42;SA22
2024-01;18;Rainbow Bridge;6554177,943;SA31
2024-01;45;Shimmer Bridge;2688626,477;SA22
2024-01;34;Satellite (Powered by Axelar);2571558,615;SA21
2024-01;22;Allbridge Classic;1643549,655;SA22
2024-01;42;pNetwork;1440413,311;SA22
2024-02;51;Circle CCTP;3033228216;SA11
2024-02;12;Stargate;2326695628;SA22
2024-02;11;Synapse;1602673320;SA22
2024-02;26;ZKsync Era Bridge;1544873718;SA32
2024-02;19;Across;1530212024;SA33
2024-02;2;Arbitrum Bridge;1517200512;SA33
2024-02;1;Polygon PoS Bridge;723685167,7;SA22
2024-02;10;Celer cBridge;545774803,3;SA22
2024-02;39;rhino.fi;505232233,2;SA11
2024-02;4;Optimism Gateway;496739220,6;SA33
2024-02;28;Meson;412913359,8;SA11
2024-02;49;Garden;374105883,8;SA22
2024-02;13;Hop;278261414,8;SA33
2024-02;20;deBridge;273043011,9;SA22
2024-02;32;Squid (Powered by Axelar);230669126,7;SA21
2024-02;30;Mantle Bridge;152589845,6;SA33
2024-02;16;Gnosis Bridge;152334061,4;SA22
2024-02;45;Shimmer Bridge;97510110,42;SA22
2024-02;50;Mode Network;93680562,49;SA33
2024-02;3;Avalanche Bridge;70644425,85;SA12
2024-02;27;Symbiosis;68320909,67;SA11
2024-02;37;Manta Pacific Bridge;62311116,75;SA33
2024-02;44;Interport Finance;28921733,02;SA11
2024-02;23;Polygon zkEVM Bridge;22317816,55;SA32
2024-02;35;CrossCurve;20311332,49;SA22
2024-02;18;Rainbow Bridge;5393201,477;SA31
2024-02;46;yBridge by xSync Network;4537263,656;SA22
2024-02;54;Nitro (by Router Protocol);4181605,631;SA22
2024-02;34;Satellite (Powered by Axelar);2529472,507;SA21
2024-02;22;Allbridge Classic;1112503,617;SA22
2024-02;42;pNetwork;769287,1982;SA22
2024-02;48;Rootstock Powpeg Bridge;635763,2032;SA22
2024-02;53;Rootstock Token Bridge;385749,7045;SA22
2024-03;12;Stargate;4082346763;SA22
2024-03;11;Synapse;3943876444;SA22
2024-03;58;Orbiter Finance;3460312231;SA11
2024-03;51;Circle CCTP;2207733391;SA11
2024-03;19;Across;2139145873;SA33
2024-03;26;ZKsync Era Bridge;1298816512;SA32
2024-03;2;Arbitrum Bridge;1073818296;SA33
2024-03;10;Celer cBridge;1022267666;SA22
2024-03;39;rhino.fi;752055450,8;SA11
2024-03;1;Polygon PoS Bridge;606220165,5;SA22
2024-03;20;deBridge;597010848,2;SA22
2024-03;4;Optimism Gateway;575160197,4;SA33
2024-03;29;Base Bridge;526915101,5;SA33
2024-03;13;Hop;420349881,9;SA33
2024-03;28;Meson;399050463,1;SA11
2024-03;32;Squid (Powered by Axelar);360331807,2;SA21
2024-03;16;Gnosis Bridge;315843448,3;SA22
2024-03;59;Connext;207566297,1;SA33
2024-03;46;yBridge by xSync Network;163639376,8;SA22
2024-03;37;Manta Pacific Bridge;137688414,6;SA33
2024-03;3;Avalanche Bridge;104001610,5;SA12
2024-03;35;CrossCurve;102325463,5;SA22
2024-03;27;Symbiosis;100795419,2;SA11
2024-03;50;Mode Network;89541198,69;SA33
2024-03;30;Mantle Bridge;77308247,01;SA33
2024-03;44;Interport Finance;76123378,76;SA11
2024-03;42;pNetwork;49487067,8;SA22
2024-03;60;Allbridge Core;35298874,22;SA22
2024-03;45;Shimmer Bridge;23400200,62;SA22
2024-03;18;Rainbow Bridge;17761580,54;SA31
2024-03;55;Fuse Bridge;17676392,36;SA22
2024-03;23;Polygon zkEVM Bridge;13259560,1;SA32
2024-03;41;Wan Bridge;7014738,15;SA22
2024-03;48;Rootstock Powpeg Bridge;5036758,675;SA22
2024-03;34;Satellite (Powered by Axelar);4356273,692;SA21
2024-04;12;Stargate;3345869630;SA22
2024-04;51;Circle CCTP;2354151843;SA11
2024-04;58;Orbiter Finance;2179296927;SA11
2024-04;19;Across;1721822540;SA33
2024-04;59;Connext;1284295933;SA33
2024-04;20;deBridge;1078986673;SA22
2024-04;26;ZKsync Era Bridge;913701915,5;SA32
2024-04;2;Arbitrum Bridge;878484115,5;SA33
2024-04;10;Celer cBridge;794756822,9;SA22
2024-04;4;Optimism Gateway;588180085,8;SA33
2024-04;1;Polygon PoS Bridge;543051382;SA22
2024-04;29;Base Bridge;498198805,2;SA33
2024-04;13;Hop;430529266,5;SA33
2024-04;28;Meson;394138732,6;SA11
2024-04;39;rhino.fi;362630888,6;SA11
2024-04;32;Squid (Powered by Axelar);351351913,3;SA21
2024-04;11;Synapse;344535969,7;SA22
2024-04;16;Gnosis Bridge;315072545,5;SA22
2024-04;60;Allbridge Core;217732498,3;SA22
2024-04;27;Symbiosis;184844581,3;SA11
2024-04;46;yBridge by xSync Network;175605351,3;SA22
2024-04;3;Avalanche Bridge;161483233,2;SA12
2024-04;50;Mode Network;131321711,1;SA33
2024-04;44;Interport Finance;106882744,7;SA11
2024-04;30;Mantle Bridge;100287799,6;SA33
2024-04;54;Nitro (by Router Protocol);82659564,24;SA22
2024-04;35;CrossCurve;80375125,21;SA22
2024-04;37;Manta Pacific Bridge;76069408,6;SA33
2024-04;23;Polygon zkEVM Bridge;57466597,68;SA32
2024-04;41;Wan Bridge;43241678,24;SA22
2024-04;55;Fuse Bridge;28595718,78;SA22
2024-04;61;XSwap;16183004,39;SA11
2024-04;96;Chainlink CCIP;15209850,79;SA22
2024-04;45;Shimmer Bridge;15203616,56;SA22
2024-04;48;Rootstock Powpeg Bridge;9266917,022;SA22
2024-05;51;Circle CCTP;2205497135;SA11
2024-05;19;Across;2027992934;SA33
2024-05;58;Orbiter Finance;1331937793;SA11
2024-05;2;Arbitrum Bridge;1170908440;SA33
2024-05;20;deBridge;938255217,9;SA22
2024-05;12;Stargate;813389397,7;SA22
2024-05;9999;zkBridge;727063915,1;SA32
2024-05;26;ZKsync Era Bridge;581505653,1;SA32
2024-05;59;Connext;576910448,7;SA33
2024-05;4;Optimism Gateway;546677176,2;SA33
2024-05;10;Celer cBridge;533214172,9;SA22
2024-05;24;IBC;527577447,4;SA31
2024-05;11;Synapse;524324794,2;SA22
2024-05;1;Polygon PoS Bridge;426424105,1;SA22
2024-05;28;Meson;421471941,4;SA11
2024-05;29;Base Bridge;351340892,6;SA33
2024-05;27;Symbiosis;295187902,3;SA11
2024-05;13;Hop;284130143,9;SA33
2024-05;35;CrossCurve;282898147,5;SA22
2024-05;39;rhino.fi;236388006,8;SA11
2024-05;32;Squid (Powered by Axelar);228988713,3;SA21
2024-05;60;Allbridge Core;212075747,9;SA22
2024-05;16;Gnosis Bridge;162729566,7;SA22
2024-05;46;yBridge by xSync Network;161643652,2;SA22
2024-05;50;Mode Network;89319093,08;SA33
2024-05;54;Nitro (by Router Protocol);84935803,14;SA22
2024-05;49;Garden;82953051,54;SA22
2024-05;30;Mantle Bridge;58596308,36;SA33
2024-05;44;Interport Finance;57113775,08;SA11
2024-05;41;Wan Bridge;49292367,79;SA22
2024-05;3;Avalanche Bridge;47125642,68;SA12
2024-05;96;Chainlink CCIP;41836193,58;SA22
2024-05;37;Manta Pacific Bridge;37991485,85;SA33
2024-05;23;Polygon zkEVM Bridge;16207507,14;SA32
2024-05;61;XSwap;14308924,97;SA11
2024-06;19;Across;2128315471;SA33
2024-06;51;Circle CCTP;1832825738;SA11
2024-06;12;Stargate;1599100041;SA22
2024-06;24;IBC;1065419668;SA31
2024-06;58;Orbiter Finance;962101901,3;SA11
2024-06;2;Arbitrum Bridge;862160491,7;SA33
2024-06;20;deBridge;748073022,7;SA22
2024-06;11;Synapse;723086425,7;SA22
2024-06;9999;zkBridge;623832011,4;SA32
2024-06;59;Connext;615902751,4;SA33
2024-06;10;Celer cBridge;549318714,3;SA22
2024-06;4;Optimism Gateway;445017375,3;SA33
2024-06;1;Polygon PoS Bridge;357613195,4;SA22
2024-06;27;Symbiosis;327690044,9;SA11
2024-06;26;ZKsync Era Bridge;321161311,9;SA32
2024-06;39;rhino.fi;275374963;SA11
2024-06;13;Hop;257744356,9;SA33
2024-06;60;Allbridge Core;169416848,8;SA22
2024-06;32;Squid (Powered by Axelar);168691489,9;SA21
2024-06;35;CrossCurve;166788655,2;SA22
2024-06;46;yBridge by xSync Network;134581032,9;SA22
2024-06;28;Meson;128180273,7;SA11
2024-06;29;Base Bridge;125643668,4;SA33
2024-06;16;Gnosis Bridge;121329787,7;SA22
2024-06;54;Nitro (by Router Protocol);108651644,4;SA22
2024-06;96;Chainlink CCIP;71831995,47;SA22
2024-06;23;Polygon zkEVM Bridge;66031776,55;SA32
2024-06;41;Wan Bridge;58885473,03;SA22
2024-06;37;Manta Pacific Bridge;53858516,38;SA33
2024-06;50;Mode Network;50087101,42;SA33
2024-06;3;Avalanche Bridge;42418467,04;SA12
2024-06;61;XSwap;42329983,32;SA11
2024-06;30;Mantle Bridge;28598656,06;SA33
2024-06;44;Interport Finance;22835341,6;SA11
2024-06;49;Garden;9013502,856;SA22
2024-07;51;Circle CCTP;2240034819;SA11
2024-07;12;Stargate;2239610786;SA22
2024-07;19;Across;1603324760;SA33
2024-07;24;IBC;1515336959;SA31
2024-07;2;Arbitrum Bridge;852875767,5;SA33
2024-07;11;Synapse;828784756,4;SA22
2024-07;20;deBridge;724773895,9;SA22
2024-07;9999;zkBridge;628813699,8;SA32
2024-07;58;Orbiter Finance;592888286;SA11
2024-07;1;Polygon PoS Bridge;382937752,9;SA22
2024-07;39;rhino.fi;344673621,2;SA11
2024-07;4;Optimism Gateway;340238604,1;SA33
2024-07;10;Celer cBridge;310481153,6;SA22
2024-07;54;Nitro (by Router Protocol);303033178,6;SA22
2024-07;30;Mantle Bridge;250638413,9;SA33
2024-07;32;Squid (Powered by Axelar);196211446,7;SA21
2024-07;16;Gnosis Bridge;187291208,2;SA22
2024-07;13;Hop;183769085,6;SA33
2024-07;46;yBridge by xSync Network;172311402,4;SA22
2024-07;27;Symbiosis;165769437,4;SA11
2024-07;59;Connext;164224999,5;SA33
2024-07;15;Core Bitcoin Bridge;138963056;SA22
2024-07;60;Allbridge Core;129455843,3;SA22
2024-07;28;Meson;128684392,6;SA11
2024-07;29;Base Bridge;91423903,85;SA33
2024-07;96;Chainlink CCIP;62750464,01;SA22
2024-07;3;Avalanche Bridge;53145460,04;SA12
2024-07;23;Polygon zkEVM Bridge;49037558,3;SA32
2024-07;50;Mode Network;28246587,76;SA33
2024-07;37;Manta Pacific Bridge;25255478,94;SA33
2024-07;61;XSwap;24321548,26;SA11
2024-07;41;Wan Bridge;23952985,58;SA22
2024-07;44;Interport Finance;11078877,02;SA11
2024-07;34;Satellite (Powered by Axelar);8279262,226;SA21
2024-07;35;CrossCurve;7927444,315;SA22
2024-08;12;Stargate;2610613313;SA22
2024-08;51;Circle CCTP;2271100043;SA11
2024-08;24;IBC;1714927783;SA31
2024-08;19;Across;1478791941;SA33
2024-08;2;Arbitrum Bridge;974445540,1;SA33
2024-08;58;Orbiter Finance;763688674,2;SA11
2024-08;20;deBridge;648284342,9;SA22
2024-08;9999;zkBridge;619802026,2;SA32
2024-08;46;yBridge by xSync Network;507886397,1;SA22
2024-08;11;Synapse;428954333,3;SA22
2024-08;1;Polygon PoS Bridge;334431154,3;SA22
2024-08;4;Optimism Gateway;254434721,4;SA33
2024-08;32;Squid (Powered by Axelar);229941830,4;SA21
2024-08;39;rhino.fi;216962486,9;SA11
2024-08;16;Gnosis Bridge;205896977,5;SA22
2024-08;10;Celer cBridge;195011179,1;SA22
2024-08;27;Symbiosis;194739675,8;SA11
2024-08;60;Allbridge Core;130936782,9;SA22
2024-08;13;Hop;114960461,6;SA33
2024-08;28;Meson;110836330,4;SA11
2024-08;30;Mantle Bridge;93320817,7;SA33
2024-08;96;Chainlink CCIP;78496900,01;SA22
2024-08;59;Connext;75054992,43;SA33
2024-08;15;Core Bitcoin Bridge;74478565,12;SA22
2024-08;29;Base Bridge;73404918,63;SA33
2024-08;3;Avalanche Bridge;50132518,28;SA12
2024-08;50;Mode Network;42157137,72;SA33
2024-08;54;Nitro (by Router Protocol);29781396,05;SA22
2024-08;61;XSwap;23386150,65;SA11
2024-08;41;Wan Bridge;23100718,8;SA22
2024-08;37;Manta Pacific Bridge;21343533,27;SA33
2024-08;35;CrossCurve;12059012,15;SA22
2024-08;23;Polygon zkEVM Bridge;10593303,78;SA32
2024-08;18;Rainbow Bridge;9636061,764;SA31
2024-08;34;Satellite (Powered by Axelar);7284055,762;SA21
2024-09;2;Arbitrum Bridge;2210237471;SA33
2024-09;12;Stargate;1891033999;SA22
2024-09;51;Circle CCTP;1865442113;SA11
2024-09;58;Orbiter Finance;1712454650;SA11
2024-09;24;IBC;1570137575;SA31
2024-09;19;Across;1256360980;SA33
2024-09;9999;zkBridge;643927374,6;SA32
2024-09;20;deBridge;432900810,2;SA22
2024-09;1;Polygon PoS Bridge;405396182,4;SA22
2024-09;11;Synapse;340355020,8;SA22
2024-09;35;CrossCurve;316462498,4;SA22
2024-09;46;yBridge by xSync Network;306506198,4;SA22
2024-09;4;Optimism Gateway;247326281,2;SA33
2024-09;16;Gnosis Bridge;190380924,5;SA22
2024-09;32;Squid (Powered by Axelar);156153159,3;SA21
2024-09;10;Celer cBridge;135146762,2;SA22
2024-09;96;Chainlink CCIP;131517591,5;SA22
2024-09;27;Symbiosis;104512873,4;SA11
2024-09;39;rhino.fi;102198751,2;SA11
2024-09;60;Allbridge Core;90020452,72;SA22
2024-09;13;Hop;89600583,03;SA33
2024-09;29;Base Bridge;87775758,51;SA33
2024-09;30;Mantle Bridge;78653537,41;SA33
2024-09;15;Core Bitcoin Bridge;70945524,92;SA22
2024-09;59;Connext;44617750,22;SA33
2024-09;3;Avalanche Bridge;38087884,31;SA12
2024-09;41;Wan Bridge;33488864,49;SA22
2024-09;28;Meson;33421552,78;SA11
2024-09;54;Nitro (by Router Protocol);19978309,64;SA22
2024-09;26;ZKsync Era Bridge;16344891,92;SA32
2024-09;50;Mode Network;16061787,04;SA33
2024-09;23;Polygon zkEVM Bridge;15039335,88;SA32
2024-09;34;Satellite (Powered by Axelar);12891955,4;SA21
2024-09;37;Manta Pacific Bridge;10050230,6;SA33
2024-09;49;Garden;8548801,269;SA22
2024-10;12;Stargate;2948749114;SA22
2024-10;51;Circle CCTP;2876996935;SA11
2024-10;58;Orbiter Finance;2474099384;SA11
2024-10;19;Across;1785346074;SA33
2024-10;24;IBC;1617478340;SA31
2024-10;2;Arbitrum Bridge;1207355195;SA33
2024-10;20;deBridge;872627365,6;SA22
2024-10;1;Polygon PoS Bridge;696734745,8;SA22
2024-10;11;Synapse;479579047,3;SA22
2024-10;4;Optimism Gateway;467599651,3;SA33
2024-10;9999;zkBridge;397722658;SA32
2024-10;96;Chainlink CCIP;252017382,3;SA22
2024-10;16;Gnosis Bridge;230184332,4;SA22
2024-10;35;CrossCurve;209533073,4;SA22
2024-10;10;Celer cBridge;194772488,1;SA22
2024-10;46;yBridge by xSync Network;186936576,3;SA22
2024-10;32;Squid (Powered by Axelar);186400723;SA21
2024-10;15;Core Bitcoin Bridge;130762056,2;SA22
2024-10;60;Allbridge Core;125739430,7;SA22
2024-10;13;Hop;119415587,8;SA33
2024-10;39;rhino.fi;118798957,7;SA11
2024-10;29;Base Bridge;114254704,9;SA33
2024-10;30;Mantle Bridge;112111215,7;SA33
2024-10;27;Symbiosis;87397919,16;SA11
2024-10;74;RetroBridge;49938978,33;SA11
2024-10;49;Garden;44010187,3;SA22
2024-10;3;Avalanche Bridge;42354978,5;SA12
2024-10;28;Meson;38884571,48;SA11
2024-10;41;Wan Bridge;34788843,54;SA22
2024-10;54;Nitro (by Router Protocol);32643660,17;SA22
2024-10;75;Layerswap;29529264,2;SA11
2024-10;73;Sui Bridge;27276379,25;SA22
2024-10;23;Polygon zkEVM Bridge;24660960,1;SA32
2024-10;50;Mode Network;22569453,6;SA33
2024-10;59;Connext;19285653,13;SA33
2024-11;51;Circle CCTP;5580560355;SA11
2024-11;58;Orbiter Finance;3053415885;SA11
2024-11;19;Across;2959816883;SA33
2024-11;12;Stargate;2840452640;SA22
2024-11;24;IBC;2604818473;SA31
2024-11;2;Arbitrum Bridge;2095712517;SA33
2024-11;28;Meson;2067520052;SA11
2024-11;77;Wormhole;1937441687;SA22
2024-11;20;deBridge;1391037733;SA22
2024-11;1;Polygon PoS Bridge;1194029382;SA22
2024-11;35;CrossCurve;726159792,5;SA22
2024-11;11;Synapse;688648697,2;SA22
2024-11;96;Chainlink CCIP;654210667,1;SA22
2024-11;16;Gnosis Bridge;374466818,7;SA22
2024-11;32;Squid (Powered by Axelar);299655168;SA21
2024-11;4;Optimism Gateway;268969930,5;SA33
2024-11;15;Core Bitcoin Bridge;246280084;SA22
2024-11;10;Celer cBridge;209967144,8;SA22
2024-11;9999;zkBridge;197373516,3;SA32
2024-11;60;Allbridge Core;185463982,8;SA22
2024-11;29;Base Bridge;172594694,2;SA33
2024-11;44;Interport Finance;166028276,1;SA11
2024-11;46;yBridge by xSync Network;152603124,5;SA22
2024-11;39;rhino.fi;128116539,6;SA11
2024-11;30;Mantle Bridge;126291654,1;SA33
2024-11;27;Symbiosis;105712763,4;SA11
2024-11;75;Layerswap;102823069,6;SA11
2024-11;13;Hop;96215540,26;SA33
2024-11;3;Avalanche Bridge;86590739,48;SA12
2024-11;49;Garden;70316394,79;SA22
2024-11;54;Nitro (by Router Protocol);64817233,59;SA22
2024-11;73;Sui Bridge;63298821,53;SA22
2024-11;74;RetroBridge;56378397,28;SA11
2024-11;41;Wan Bridge;32041146,86;SA22
2024-11;23;Polygon zkEVM Bridge;28169484,19;SA32
2024-12;80;Hyperliquid;8062302473;SA22
2024-12;51;Circle CCTP;7474046732;SA11
2024-12;77;Wormhole;5894571264;SA22
2024-12;19;Across;4004152066;SA33
2024-12;12;Stargate;3327973899;SA22
2024-12;24;IBC;3025872490;SA31
2024-12;28;Meson;2949051473;SA11
2024-12;2;Arbitrum Bridge;2749623610;SA33
2024-12;32;Squid (Powered by Axelar);2353487286;SA21
2024-12;20;deBridge;2304741859;SA22
2024-12;58;Orbiter Finance;2297718618;SA11
2024-12;35;CrossCurve;952210251,6;SA22
2024-12;96;Chainlink CCIP;866289269,8;SA22
2024-12;4;Optimism Gateway;695553004,8;SA33
2024-12;11;Synapse;576691461,7;SA22
2024-12;1;Polygon PoS Bridge;574510102,5;SA22
2024-12;16;Gnosis Bridge;394452444;SA22
2024-12;29;Base Bridge;346869057,6;SA33
2024-12;10;Celer cBridge;344824604,5;SA22
2024-12;30;Mantle Bridge;227442304,2;SA33
2024-12;27;Symbiosis;201029842,3;SA11
2024-12;46;yBridge by xSync Network;198256569,4;SA22
2024-12;15;Core Bitcoin Bridge;196701828,1;SA22
2024-12;39;rhino.fi;176120488,2;SA11
2024-12;60;Allbridge Core;144074439,3;SA22
2024-12;78;Threshold Network;135190534,7;SA22
2024-12;13;Hop;125643014,2;SA33
2024-12;75;Layerswap;96355485,05;SA11
2024-12;73;Sui Bridge;73248156,08;SA22
2024-12;54;Nitro (by Router Protocol);72888497,85;SA22
2024-12;79;Zircuit Bridge;63663883,23;SA32
2024-12;3;Avalanche Bridge;57490216,11;SA12
2024-12;41;Wan Bridge;49945420,68;SA22
2024-12;49;Garden;48255512,07;SA22
2024-12;74;RetroBridge;45901665,25;SA11
2025-01;51;Circle CCTP;8949417001;SA11
2025-01;80;Hyperliquid;6422762968;SA22
2025-01;77;Wormhole;5630879894;SA22
2025-01;32;Squid (Powered by Axelar);3720021614;SA21
2025-01;2;Arbitrum Bridge;3278448192;SA33
2025-01;19;Across;3266500303;SA33
2025-01;20;deBridge;3156694032;SA22
2025-01;28;Meson;2868297699;SA11
2025-01;12;Stargate;2426287536;SA22
2025-01;24;IBC;2148866027;SA31
2025-01;58;Orbiter Finance;1010999681;SA11
2025-01;96;Chainlink CCIP;761918394;SA22
2025-01;1;Polygon PoS Bridge;483718014,7;SA22
2025-01;35;CrossCurve;423612831,3;SA22
2025-01;11;Synapse;402496191,3;SA22
2025-01;16;Gnosis Bridge;399374598,6;SA22
2025-01;4;Optimism Gateway;381844105,6;SA33
2025-01;29;Base Bridge;258666734,2;SA33
2025-01;10;Celer cBridge;243903420,7;SA22
2025-01;78;Threshold Network;238579253,1;SA22
2025-01;30;Mantle Bridge;202313420,6;SA33
2025-01;60;Allbridge Core;195398636,9;SA22
2025-01;27;Symbiosis;167899425,4;SA11
2025-01;15;Core Bitcoin Bridge;159242384,4;SA22
2025-01;73;Sui Bridge;135075184,4;SA22
2025-01;39;rhino.fi;112401423,8;SA11
2025-01;75;Layerswap;87134727,2;SA11
2025-01;46;yBridge by xSync Network;66222389,75;SA22
2025-01;54;Nitro (by Router Protocol);57334335,28;SA22
2025-01;13;Hop;55073662,39;SA33
2025-01;3;Avalanche Bridge;53815243,51;SA12
2025-01;49;Garden;52352247,81;SA22
2025-01;74;RetroBridge;46296622,18;SA11
2025-01;26;ZKsync Era Bridge;37742864,3;SA32
2025-01;41;Wan Bridge;37082519,93;SA22
2025-02;84;LayerZero;6257516171;SA22
2025-02;51;Circle CCTP;5809024551;SA11
2025-02;80;Hyperliquid;4579971939;SA22
2025-02;12;Stargate;4022712981;SA22
2025-02;77;Wormhole;3049160442;SA22
2025-02;20;deBridge;2165978424;SA22
2025-02;2;Arbitrum Bridge;2128748599;SA33
2025-02;28;Meson;1779933118;SA11
2025-02;19;Across;1742475883;SA33
2025-02;24;IBC;1696919001;SA31
2025-02;4;Optimism Gateway;1018781426;SA33
2025-02;96;Chainlink CCIP;646508277,2;SA22
2025-02;58;Orbiter Finance;510148313,6;SA11
2025-02;16;Gnosis Bridge;450565698,2;SA22
2025-02;1;Polygon PoS Bridge;398416662,2;SA22
2025-02;35;CrossCurve;341786900,9;SA22
2025-02;11;Synapse;232928192,3;SA22
2025-02;15;Core Bitcoin Bridge;185205894,3;SA22
2025-02;78;Threshold Network;184278577;SA22
2025-02;29;Base Bridge;179895495,8;SA33
2025-02;32;Squid (Powered by Axelar);175452962;SA21
2025-02;39;rhino.fi;159612443,8;SA11
2025-02;10;Celer cBridge;146998956,3;SA22
2025-02;27;Symbiosis;136428745,5;SA11
2025-02;73;Sui Bridge;111445881,6;SA22
2025-02;60;Allbridge Core;99494671,87;SA22
2025-02;30;Mantle Bridge;82420785,11;SA33
2025-02;49;Garden;74209024,59;SA22
2025-02;46;yBridge by xSync Network;63482378,71;SA22
2025-02;54;Nitro (by Router Protocol);53994337,75;SA22
2025-02;79;Zircuit Bridge;49331301,01;SA32
2025-02;75;Layerswap;45461373,67;SA11
2025-02;41;Wan Bridge;44823357,64;SA22
2025-02;3;Avalanche Bridge;37426989,59;SA12
2025-02;26;ZKsync Era Bridge;28626769,34;SA32
2025-03;84;LayerZero;10229900815;SA22
2025-03;51;Circle CCTP;4733621843;SA11
2025-03;80;Hyperliquid;4515311739;SA22
2025-03;12;Stargate;4107332526;SA22
2025-03;77;Wormhole;2107935399;SA22
2025-03;28;Meson;2004115928;SA11
2025-03;24;IBC;1746886400;SA31
2025-03;19;Across;1418265553;SA33
2025-03;20;deBridge;1399295013;SA22
2025-03;96;Chainlink CCIP;769572496,6;SA22
2025-03;58;Orbiter Finance;519292087;SA11
2025-03;1;Polygon PoS Bridge;484299632,1;SA22
2025-03;16;Gnosis Bridge;464774424,1;SA22
2025-03;4;Optimism Gateway;276555420;SA33
2025-03;2;Arbitrum Bridge;230558991,9;SA33
2025-03;35;CrossCurve;209544130;SA22
2025-03;76;Hyperlane;208397106,1;SA21
2025-03;39;rhino.fi;192273993,4;SA11
2025-03;15;Core Bitcoin Bridge;184227357,1;SA22
2025-03;32;Squid (Powered by Axelar);183415857,8;SA21
2025-03;29;Base Bridge;174817376,3;SA33
2025-03;27;Symbiosis;171513248,3;SA11
2025-03;17;Axelar;152304523,3;SA21
2025-03;10;Celer cBridge;150520883,1;SA22
2025-03;30;Mantle Bridge;131265765,8;SA33
2025-03;78;Threshold Network;118896950,3;SA22
2025-03;54;Nitro (by Router Protocol);116954539,4;SA22
2025-03;60;Allbridge Core;112463962;SA22
2025-03;11;Synapse;74388050;SA22
2025-03;75;Layerswap;56841796,19;SA11
2025-03;41;Wan Bridge;53863014,8;SA22
2025-03;82;UniversalX;37762878,76;SA11
2025-03;3;Avalanche Bridge;33216841,43;SA12
2025-03;73;Sui Bridge;30788881,87;SA22
2025-03;49;Garden;27892990,69;SA22
2025-04;84;LayerZero;11113888833;SA22
2025-04;51;Circle CCTP;6202870037;SA11
2025-04;12;Stargate;4909483961;SA22
2025-04;80;Hyperliquid;3948254967;SA22
2025-04;77;Wormhole;2218875819;SA22
2025-04;28;Meson;1914609647;SA11
2025-04;24;IBC;1819119041;SA31
2025-04;19;Across;1813112920;SA33
2025-04;20;deBridge;1051877819;SA22
2025-04;4;Optimism Gateway;736472863,6;SA33
2025-04;1;Polygon PoS Bridge;677737476;SA22
2025-04;96;Chainlink CCIP;538829731;SA22
2025-04;58;Orbiter Finance;519938316,1;SA11
2025-04;2;Arbitrum Bridge;516093198,6;SA33
2025-04;76;Hyperlane;441313047,5;SA21
2025-04;16;Gnosis Bridge;342564408,6;SA22
2025-04;78;Threshold Network;232555718,9;SA22
2025-04;27;Symbiosis;181594024,3;SA11
2025-04;39;rhino.fi;167913666,7;SA11
2025-04;35;CrossCurve;149946990,8;SA22
2025-04;87;Lighter;139355973,3;SA22
2025-04;15;Core Bitcoin Bridge;123454681,8;SA22
2025-04;29;Base Bridge;106235824,8;SA33
2025-04;10;Celer cBridge;94829292,41;SA22
2025-04;3;Avalanche Bridge;71930173,19;SA12
2025-04;75;Layerswap;61415776,3;SA11
2025-04;17;Axelar;58906430,42;SA21
2025-04;60;Allbridge Core;53261058,49;SA22
2025-04;11;Synapse;51984351,17;SA22
2025-04;88;Movement;47223635,46;SA22
2025-04;49;Garden;39114780,63;SA22
2025-04;32;Squid (Powered by Axelar);31621813,29;SA21
2025-04;73;Sui Bridge;29121341,13;SA22
2025-04;30;Mantle Bridge;26569790,05;SA33
2025-04;23;Polygon zkEVM Bridge;26361986,45;SA32
2025-05;84;LayerZero;14620823050;SA22
2025-05;80;Hyperliquid;7638888341;SA22
2025-05;51;Circle CCTP;6933518749;SA11
2025-05;12;Stargate;4586725057;SA22
2025-05;19;Across;2587606397;SA33
2025-05;77;Wormhole;2219295652;SA22
2025-05;28;Meson;2035500670;SA11
2025-05;24;IBC;1958735646;SA31
2025-05;20;deBridge;1635298741;SA22
2025-05;1;Polygon PoS Bridge;1018463655;SA22
2025-05;96;Chainlink CCIP;964008965;SA22
2025-05;76;Hyperlane;815207909;SA21
2025-05;2;Arbitrum Bridge;795199899,6;SA33
2025-05;4;Optimism Gateway;520851687,9;SA33
2025-05;58;Orbiter Finance;421639742,1;SA11
2025-05;17;Axelar;302136230,3;SA21
2025-05;78;Threshold Network;268824050,4;SA22
2025-05;16;Gnosis Bridge;241459726,8;SA22
2025-05;49;Garden;208395609,5;SA22
2025-05;87;Lighter;204899389,8;SA22
2025-05;15;Core Bitcoin Bridge;204548383,8;SA22
2025-05;27;Symbiosis;197569275,9;SA11
2025-05;29;Base Bridge;135128107,8;SA33
2025-05;60;Allbridge Core;126699649;SA22
2025-05;3;Avalanche Bridge;125845419,7;SA12
2025-05;91;Everclear;122731157,9;SA33
2025-05;39;rhino.fi;122698573,6;SA11
2025-05;35;CrossCurve;108137482,8;SA22
2025-05;10;Celer cBridge;101575073,8;SA22
2025-05;88;Movement;86700257,17;SA22
2025-05;30;Mantle Bridge;79216827,83;SA33
2025-05;75;Layerswap;55236367,64;SA11
2025-05;11;Synapse;46360905,42;SA22
2025-05;73;Sui Bridge;29290153,48;SA22
2025-05;44;Interport Finance;27592469,33;SA11
2025-06;84;LayerZero;10524423897;SA22
2025-06;51;Circle CCTP;5954009575;SA11
2025-06;80;Hyperliquid;5874632521;SA22
2025-06;92;USDT0;3573459193;SA11
2025-06;12;Stargate;2693910275;SA22
2025-06;19;Across;2045703687;SA33
2025-06;77;Wormhole;1807367496;SA22
2025-06;76;Hyperlane;1727067236;SA21
2025-06;20;deBridge;1350686273;SA22
2025-06;28;Meson;1304162178;SA11
2025-06;24;IBC;1240324745;SA31
2025-06;1;Polygon PoS Bridge;1046156800;SA22
2025-06;96;Chainlink CCIP;667824174,4;SA22
2025-06;2;Arbitrum Bridge;546549287,1;SA33
2025-06;4;Optimism Gateway;445573189,2;SA33
2025-06;91;Everclear;423278611,3;SA33
2025-06;58;Orbiter Finance;326983442,7;SA11
2025-06;87;Lighter;271808262,7;SA22
2025-06;17;Axelar;241436931,7;SA21
2025-06;15;Core Bitcoin Bridge;206189342,2;SA22
2025-06;27;Symbiosis;175593530;SA11
2025-06;10;Celer cBridge;166356507,6;SA22
2025-06;16;Gnosis Bridge;161778566,5;SA22
2025-06;49;Garden;155330132,8;SA22
2025-06;78;Threshold Network;154673003,7;SA22
2025-06;29;Base Bridge;111714886,8;SA33
2025-06;39;rhino.fi;92717964,59;SA11
2025-06;3;Avalanche Bridge;81655677,59;SA12
2025-06;37;Manta Pacific Bridge;79545327,02;SA33
2025-06;30;Mantle Bridge;74875432,34;SA33
2025-06;60;Allbridge Core;65180094,45;SA22
2025-06;88;Movement;62490412,81;SA22
2025-06;73;Sui Bridge;56392193,11;SA22
2025-06;75;Layerswap;52386011,31;SA11
2025-06;11;Synapse;46904700,46;SA22
2025-07;84;LayerZero;11631752059;SA22
2025-07;80;Hyperliquid;9664522522;SA22
2025-07;51;Circle CCTP;7816926912;SA11
2025-07;92;USDT0;4483143815;SA11
2025-07;77;Wormhole;4208317994;SA22
2025-07;12;Stargate;2872160836;SA22
2025-07;19;Across;2796398685;SA33
2025-07;24;IBC;1672202203;SA31
2025-07;20;deBridge;1659697531;SA22
2025-07;28;Meson;1522054628;SA11
2025-07;1;Polygon PoS Bridge;1371441408;SA22
2025-07;2;Arbitrum Bridge;1369974946;SA33
2025-07;96;Chainlink CCIP;1016983954;SA22
2025-07;91;Everclear;765583026,3;SA33
2025-07;76;Hyperlane;683881019,1;SA21
2025-07;87;Lighter;405578269,8;SA22
2025-07;4;Optimism Gateway;385355728,5;SA33
2025-07;17;Axelar;363204578,9;SA21
2025-07;16;Gnosis Bridge;297390211,3;SA22
2025-07;58;Orbiter Finance;240161036,1;SA11
2025-07;10;Celer cBridge;205390305,8;SA22
2025-07;27;Symbiosis;175594921,6;SA11
2025-07;29;Base Bridge;170785114,7;SA33
2025-07;3;Avalanche Bridge;154802043,3;SA12
2025-07;23;Polygon zkEVM Bridge;153154728;SA32
2025-07;39;rhino.fi;123232962,6;SA11
2025-07;78;Threshold Network;114998094,6;SA22
2025-07;49;Garden;112961131,2;SA22
2025-07;15;Core Bitcoin Bridge;101825525,5;SA22
2025-07;30;Mantle Bridge;97378636,56;SA33
2025-07;88;Movement;89803173,33;SA22
2025-07;75;Layerswap;87690054,77;SA11
2025-07;60;Allbridge Core;71205943,17;SA22
2025-07;35;CrossCurve;41031906,7;SA22
2025-07;11;Synapse;38546570,13;SA22
2025-08;84;LayerZero;18760832282;SA22
2025-08;80;Hyperliquid;10887047896;SA22
2025-08;51;Circle CCTP;6654223396;SA11
2025-08;92;USDT0;4610857833;SA11
2025-08;77;Wormhole;2895206767;SA22
2025-08;19;Across;2554480103;SA33
2025-08;12;Stargate;1341707757;SA22
2025-08;20;deBridge;1341201441;SA22
2025-08;28;Meson;1188203457;SA11
2025-08;24;IBC;1048408663;SA31
2025-08;96;Chainlink CCIP;1035365098;SA22
2025-08;1;Polygon PoS Bridge;803068037,1;SA22
2025-08;2;Arbitrum Bridge;747629695,8;SA33
2025-08;76;Hyperlane;684398873,8;SA21
2025-08;30;Mantle Bridge;576611150,8;SA33
2025-08;91;Everclear;496006892,7;SA33
2025-08;87;Lighter;469621007,5;SA22
2025-08;4;Optimism Gateway;438059465,9;SA33
2025-08;58;Orbiter Finance;278332330,4;SA11
2025-08;29;Base Bridge;233241851,9;SA33
2025-08;17;Axelar;202012186,1;SA21
2025-08;3;Avalanche Bridge;194470663,4;SA12
2025-08;16;Gnosis Bridge;189507221,3;SA22
2025-08;27;Symbiosis;188210245,3;SA11
2025-08;75;Layerswap;180610619,9;SA11
2025-08;10;Celer cBridge;164613236,1;SA22
2025-08;39;rhino.fi;146560693,4;SA11
2025-08;95;Relay;135245536;SA22
2025-08;23;Polygon zkEVM Bridge;133222589,9;SA32
2025-08;44;Interport Finance;94607506,24;SA11
2025-08;49;Garden;88330944,67;SA22
2025-08;78;Threshold Network;85540511,64;SA22
2025-08;15;Core Bitcoin Bridge;85322513;SA22
2025-08;35;CrossCurve;66410011,79;SA22
2025-08;60;Allbridge Core;59776700,82;SA22
2025-09;84;LayerZero;28859451221;SA22
2025-09;92;USDT0;12273078036;SA11
2025-09;80;Hyperliquid;11921608346;SA22
2025-09;51;Circle CCTP;8834698479;SA11
2025-09;77;Wormhole;4142881483;SA22
2025-09;20;deBridge;2616581986;SA22
2025-09;95;Relay;2565061427;SA22
2025-09;19;Across;2450853907;SA33
2025-09;96;Chainlink CCIP;2341604464;SA22
2025-09;12;Stargate;2160082611;SA22
2025-09;87;Lighter;947199351,4;SA22
2025-09;76;Hyperlane;868385625,3;SA21
2025-09;24;IBC;673999432;SA31
2025-09;2;Arbitrum Bridge;673485977,9;SA33
2025-09;28;Meson;672351092,5;SA11
2025-09;91;Everclear;575678195;SA33
2025-09;98;Cashmere;421175316;SA11
2025-09;47;Butter Network;389343553,3;SA11
2025-09;16;Gnosis Bridge;385568732,8;SA22
2025-09;1;Polygon PoS Bridge;341347833,4;SA22
2025-09;4;Optimism Gateway;292816964,4;SA33
2025-09;10;Celer cBridge;258597577,9;SA22
2025-09;58;Orbiter Finance;253931169,9;SA11
2025-09;17;Axelar;239987981,5;SA21
2025-09;27;Symbiosis;218117916,4;SA11
2025-09;39;rhino.fi;198293626,7;SA11
2025-09;3;Avalanche Bridge;197048389,1;SA12
2025-09;15;Core Bitcoin Bridge;183714982,2;SA22
2025-09;75;Layerswap;176231605,1;SA11
2025-09;30;Mantle Bridge;169672066,1;SA33
2025-09;29;Base Bridge;155730896,8;SA33
2025-09;78;Threshold Network;136260065,2;SA22
2025-09;49;Garden;98614670,97;SA22
2025-09;44;Interport Finance;95131274,46;SA11
2025-09;60;Allbridge Core;55038428,56;SA22
